{"payload":{"max":{"booked_rate":3525.05,"future_occupancy":0.5777778029441833,"lead_time":238.60000610351562,"revenue":1111032.96},"metrics":{"booked_rate":8172.17,"future_occupancy":0.27131786942481995,"lead_time":108.72589111328125,"revenue":361440.77},"min":{"booked_rate":3525.05,"future_occupancy":0.011111111380159855,"lead_time":29.5,"revenue":13871.54},"percentile_10":{"booked_rate":5609.36,"future_occupancy":0.10555555671453476,"lead_time":56.034481048583984,"revenue":153957.78},"percentile_90":{"booked_rate":12387.76,"future_occupancy":0.45528456568717957,"lead_time":177.24000549316406,"revenue":805204.28},"result_set_count":26},"status":{"code":"CHANNELSVC-S-032","human":"Success","message":null,"type":"success"}}