{"payload":{"max":{"booked_rate":3330.81,"future_occupancy":0.9666666388511658,"lead_time":304.5,"revenue":329602.63},"metrics":{"booked_rate":8642.56,"future_occupancy":0.5277589559555054,"lead_time":103.28536224365234,"revenue":120936.13},"min":{"booked_rate":3330.81,"future_occupancy":0.06666667014360428,"lead_time":27.46666717529297,"revenue":13871.54},"percentile_10":{"booked_rate":5805.38,"future_occupancy":0.1666666716337204,"lead_time":29.5,"revenue":37113.54},"percentile_90":{"booked_rate":14935.44,"future_occupancy":0.8333333134651184,"lead_time":207.5,"revenue":194672.19},"result_set_count":26},"status":{"code":"CHANNELSVC-S-032","human":"Success","message":null,"type":"success"}}