{"payload":{"max":{"booked_rate":3477.68,"future_occupancy":0.8809523582458496,"lead_time":238.60000610351562,"revenue":726557.94},"metrics":{"booked_rate":8218.92,"future_occupancy":0.4305213987827301,"lead_time":101.36952209472656,"revenue":290451.01},"min":{"booked_rate":3477.68,"future_occupancy":0.02222222276031971,"lead_time":29.5,"revenue":13871.54},"percentile_10":{"booked_rate":5665.71,"future_occupancy":0.21111111342906952,"lead_time":47.14634323120117,"revenue":150377.36},"percentile_90":{"booked_rate":13130.24,"future_occupancy":0.7222222089767456,"lead_time":170.32432556152344,"revenue":564600.5},"result_set_count":26},"status":{"code":"CHANNELSVC-S-032","human":"Success","message":null,"type":"success"}}